{
  "accuracy": 0.8125,
  "f1_macro": 0.8085643707823302,
  "f1_weighted": 0.8111881235941101,
  "f1_binary": 0.8360128617363344,
  "precision_macro": 0.8148709315375982,
  "precision_weighted": 0.8136854657687991,
  "recall_macro": 0.8061603099252469,
  "recall_weighted": 0.8125,
  "precision_per_class": [
    0.8272727272727273,
    0.8024691358024691
  ],
  "recall_per_class": [
    0.7398373983739838,
    0.87248322147651
  ],
  "f1_per_class": [
    0.7811158798283262,
    0.8360128617363344
  ],
  "roc_auc": 0.8690456703224752,
  "avg_precision": 0.8651672071484717,
  "confusion_matrix": [
    [
      91,
      32
    ],
    [
      19,
      130
    ]
  ],
  "classification_report": {
    "Non-Sarcastic": {
      "precision": 0.8272727272727273,
      "recall": 0.7398373983739838,
      "f1-score": 0.7811158798283262,
      "support": 123.0
    },
    "Sarcastic": {
      "precision": 0.8024691358024691,
      "recall": 0.87248322147651,
      "f1-score": 0.8360128617363344,
      "support": 149.0
    },
    "accuracy": 0.8125,
    "macro avg": {
      "precision": 0.8148709315375982,
      "recall": 0.8061603099252469,
      "f1-score": 0.8085643707823302,
      "support": 272.0
    },
    "weighted avg": {
      "precision": 0.8136854657687991,
      "recall": 0.8125,
      "f1-score": 0.8111881235941101,
      "support": 272.0
    }
  }
}